Group,Title,title_dataset,Dataset,dataset_dataset,table,Nation,Key,Description,start_date,url1,url2,Shortname,coverage,coverage_reason,dictionary,dictionary_reason
Primary,GPES data for pandemic planning and research COVID-19 (GDPPR),GPES data for pandemic planning and research COVID-19 (GDPPR),gdppr,gdppr,gdppr,England,Dataset available ,The GPES Data for Pandemic Planning and Research (GDPPR) dataset was established by NHS England to support the response to the coronavirus outbreak. The dataset is a central collection of GP patient data including the period since the start of the COVID-19 pandemic and a short period of time prior for comparison purposes.,1950-01,https://digital.nhs.uk/coronavirus/gpes-data-for-pandemic-planning-and-research/guide-for-analysts-and-users-of-the-data,https://healthdatagateway.org/en/dataset/874,GDPPR,0,,0,
Secondary Care - HES,Hospital Episode Statistics (HES) - Admitted Patient Care (APC),Hospital Episode Statistics (HES) - Admitted Patient Care (APC),hes_apc_all_years,hes_apc_all_years,hes_apc,England,Dataset available ,"The Hospital Episode Statistics (HES) datasets contain records of all admissions, appointments and attendances at NHS hospitals in England. Records in the HES Admitted Patient Care (HES APC) database are called ‘hospital episodes’, and each hospital episode relates to a period of care for a patient under a single consultant within one hospital provider. A stay in hospital from admission to discharge is called a ‘spell’ and can be made up of one or more episodes of care.",1997-01,https://digital.nhs.uk/data-and-information/data-tools-and-services/data-services/hospital-episode-statistics,https://healthdatagateway.org/en/dataset/875,HES APC,0,,0,
Secondary Care - HES,Hospital Episode Statistics (HES) - Admitted Patient Care (APC) - Other (OTR),Hospital Episode Statistics (HES) - Admitted Patient Care (APC) - Other (OTR),hes_apc_otr_all_years,hes_apc_otr_all_years,hes_apc_otr,England,Dataset available ,"The Hospital Episode Statistics (HES) datasets contain records of all admissions, appointments and attendances at NHS hospitals in England. Records in the HES Admitted Patient Care (HES APC) database are called ‘hospital episodes’, and each hospital episode relates to a period of care for a patient under a single consultant within one hospital provider. A stay in hospital from admission to discharge is called a ‘spell’ and can be made up of one or more episodes of care. ",2000-01,https://digital.nhs.uk/data-and-information/data-tools-and-services/data-services/hospital-episode-statistics,https://healthdatagateway.org/en/dataset/875,HES APC OTR,1,Please refer to Hospital Episode Statistics (HES) Admitted Patient Care (APC) for approximate coverage.,0,
Secondary Care - HES,Hospital Episode Statistics (HES) - Admitted Patient Care (APC) - Augmented Care Period (ACP),Hospital Episode Statistics (HES) - Admitted Patient Care (APC) - Augmented Care Period (ACP),hes_apc_acp_all_years,hes_apc_acp_all_years,hes_apc_acp,England,Dataset available ,"The Hospital Episode Statistics (HES) datasets contain records of all admissions, appointments and attendances at NHS hospitals in England. Records in the HES Admitted Patient Care (APC) database are called ‘hospital episodes’, and each hospital episode relates to a period of care for a patient under a single consultant within one hospital provider. A stay in hospital from admission to discharge is called a ‘spell’ and can be made up of one or more episodes of care. The HES APC Augmented Care Period (ACP) dataset is an extension to the HES APC dataset covering adult critical care. From 2008/2009 onward, the HES APC ACP dataset was replaced by the HES CC dataset. ",2000-01,https://digital.nhs.uk/data-and-information/data-tools-and-services/data-services/hospital-episode-statistics,https://healthdatagateway.org/en/dataset/875,HES APC ACP,0,,0,
Secondary Care - HES,Hospital Episode Statistics (HES) - Admitted Patient Care (APC) - Maternity (MAT),Hospital Episode Statistics (HES) - Admitted Patient Care (APC) - Maternity (MAT),hes_apc_mat_all_years,hes_apc_mat_all_years,hes_apc_mat,England,Dataset available ,"The Hospital Episode Statistics (HES) datasets contain records of all admissions, appointments and attendances at NHS hospitals in England. HES Admitted Patient Care Maternity (HES APC MAT) is a subset of the HES APC dataset which relates to maternity admissions records. ",2000-01,https://digital.nhs.uk/data-and-information/publications/statistical/nhs-maternity-statistics/2020-21,https://healthdatagateway.org/en/dataset/875,HES APC MAT,1,Please refer to Hospital Episode Statistics (HES) Admitted Patient Care (APC) for approximate coverage.,0,
Secondary Care - HES,Hospital Episode Statistics (HES) - Accident and Emergency (AE),Hospital Episode Statistics (HES) - Accident and Emergency (AE),hes_ae_all_years,hes_ae_all_years,hes_ae,England,Dataset available ,"The Hospital Episode Statistics (HES) datasets contain records of all admissions, appointments and attendances at NHS hospitals in England. HES Accident and Emergency (HES AE) is a record-level dataset of patients attending Accident and Emergency Departments (including minor injury units and walk-in centres) in England. A record represents one attendance.",2007-01,https://digital.nhs.uk/data-and-information/data-tools-and-services/data-services/hospital-episode-statistics,https://healthdatagateway.org/en/dataset/861,HES AE,0,,0,
Secondary Care - HES,Hospital Episode Statistics (HES) - Accident and Emergency (AE) - Other (OTR),Hospital Episode Statistics (HES) - Accident and Emergency (AE) - Other (OTR),hes_ae_otr_all_years,hes_ae_otr_all_years,hes_ae_otr,England,Dataset available ,"The Hospital Episode Statistics (HES) datasets contain records of all admissions, appointments and attendances at NHS hospitals in England. HES Accident and Emergency (HES AE) is a record-level patient dataset of patients attending Accident and Emergency Departments (including minor injury units and walk-in centres) in England. A record represents one attendance.",2000-01,https://digital.nhs.uk/data-and-information/data-tools-and-services/data-services/hospital-episode-statistics,https://healthdatagateway.org/en/dataset/861,HES AE OTR,0,,0,
Secondary Care - HES,Hospital Episode Statistics (HES) - Critical Care (CC),Hospital Episode Statistics (HES) - Critical Care (CC),hes_cc_all_years,hes_cc_all_years,hes_cc,England,Dataset available ,"The Hospital Episode Statistics (HES) datasets contain records of all admissions, appointments and attendances at NHS hospitals in England. The HES Critical Care (HES CC) dataset is a subset of HES Admitted Patient Care (HES APC) data. It includes record-level patient data of patients admitted for treatment and receiving Critical Care (intensive care or high dependency care) at NHS hospitals in England. A record represents one episode of Critical Care.",2007-01,https://digital.nhs.uk/data-and-information/data-tools-and-services/data-services/hospital-episode-statistics,https://healthdatagateway.org/en/dataset/879,HES CC,0,,0,
Secondary Care - HES,Hospital Episode Statistics (HES) - Critical Care (CC) - Other (OTR),Hospital Episode Statistics (HES) - Critical Care (CC) - Other (OTR),hes_cc_otr_all_years,hes_cc_otr_all_years,hes_cc_otr,England,Dataset available ,"The Hospital Episode Statistics (HES) datasets contain records of all admissions, appointments and attendances at NHS hospitals in England. The HES Critical Care (HES CC) dataset is a subset of HES Admitted Patient Care (HES APC) data. It includes record-level patient data of patients admitted for treatment and receiving Critical Care (intensive care or high dependency care) at NHS hospitals in England. A record represents one episode of Critical Care.",2000-01,https://digital.nhs.uk/data-and-information/data-tools-and-services/data-services/hospital-episode-statistics,https://healthdatagateway.org/en/dataset/879,HES CC OTR,1,Please refer to Hospital Episode Statistics (HES) Critical Care (CC) for approximate coverage.,0,
Secondary Care - HES,Hospital Episode Statistics (HES) - Outpatients (OP),Hospital Episode Statistics (HES) - Outpatients (OP),hes_op_all_years,hes_op_all_years,hes_op,England,Dataset available ,"The Hospital Episode Statistics (HES) datasets contain records of all admissions, appointments and attendances at NHS hospitals in England. HES outpatients (HES OP) is a record-level patient dataset of patients attending outpatient clinics at NHS hospitals in England. A record represents one appointment.",2003-01,https://digital.nhs.uk/data-and-information/data-tools-and-services/data-services/hospital-episode-statistics,https://healthdatagateway.org/en/dataset/856,HES OP,0,,0,
Secondary Care - HES,Hospital Episode Statistics (HES) - Outpatients (OP) - Other (OTR),Hospital Episode Statistics (HES) - Outpatients (OP) - Other (OTR),hes_op_otr_all_years,hes_op_otr_all_years,hes_op_otr,England,Dataset available ,"The Hospital Episode Statistics (HES) datasets contain records of all admissions, appointments and attendances at NHS hospitals in England. HES Outpatients (HES OP) is a record-level patient dataset of patients attending outpatient clinics at NHS hospitals in England. A record represents one appointment.",2000-01,https://digital.nhs.uk/data-and-information/data-tools-and-services/data-services/hospital-episode-statistics,https://healthdatagateway.org/en/dataset/856,HES OP OTR,1,Please refer to Hospital Episode Statistics (HES) Outpatients (OP) for approximate coverage.,0,
Secondary Care - Other,Secondary Uses Service (SUS),Secondary Uses Service (SUS),sus,sus,sus,England,Dataset available ,"The Secondary Uses Service (SUS) is the single, comprehensive repository for healthcare data in England which enables a range of reporting and analyses to support the NHS in the delivery of healthcare services. SUS is a collection of health care data required by hospitals and used for planning healthcare, supporting payments, commissioning policy development and research.

This dataset is no longer updated.",2017-01,https://digital.nhs.uk/services/secondary-uses-service-sus,https://healthdatagateway.org/en/dataset/851,SUS,0,,0,
Secondary Care - Other,Uncurated Low Latency Hospital Data - Admitted Patient Care (APC),Uncurated Low Latency Hospital Data - Admitted Patient Care (APC),lowlat_apc_all_years,lowlat_apc_all_years,lowlat_apc,England,Dataset available ,"The Secondary Uses Service (SUS) is used to create additional uncurated data sets which offer access to more current, though less complete and assured, data. The Uncurated Low Latency Hospital Data Set for Admitted Patient Care is a product provided by SUS.",2010-01,https://digital.nhs.uk/services/data-access-request-service-dars/uncurated-low-latency-hospital-data-sets-for-admitted-patient-care-outpatient-and-critical-care,,Uncurated Low Latency APC,0,,0,
Secondary Care - Other,Uncurated Low Latency Hospital Data - Critical Care (CC),Uncurated Low Latency Hospital Data - Critical Care (CC),lowlat_cc_all_years,lowlat_cc_all_years,lowlat_cc,England,Dataset available ,"The Secondary Uses Service (SUS) is used to create additional uncurated data sets which offer access to more current, though less complete and assured, data. The Uncurated Low Latency Hospital Data Set for Critical Care is a product provided by SUS.",2017-01,https://digital.nhs.uk/services/data-access-request-service-dars/uncurated-low-latency-hospital-data-sets-for-admitted-patient-care-outpatient-and-critical-care,,Uncurated Low Latency CC,0,,0,
Secondary Care - Other,Uncurated Low Latency Hospital Data - Outpatients (OP),Uncurated Low Latency Hospital Data - Outpatients (OP),lowlat_op_all_years,lowlat_op_all_years,lowlat_op,England,Dataset available ,"The Secondary Uses Service (SUS) is used to create additional uncurated data sets which offer access to more current, though less complete and assured, data. The Uncurated Low Latency Hospital Data Set for Outpatients is a product provided by SUS.",2018-01,https://digital.nhs.uk/services/data-access-request-service-dars/uncurated-low-latency-hospital-data-sets-for-admitted-patient-care-outpatient-and-critical-care,,Uncurated Low Latency OP,0,,0,
Secondary Care - Other,Emergency Care Data Set (ECDS),Emergency Care Data Set (ECDS),lowlat_ecds_all_years,lowlat_ecds_all_years,lowlat_ecds,England,Dataset available ,"The Emergency Care Data Set (ECDS) is the national dataset for urgent and emergency care. ECDS collects information about why people attend emergency departments and the treatment they receive to improve patient care through better and more consistent information, allow better planning of healthcare services and improve communication between health professionals. ",2018-01,https://digital.nhs.uk/data-and-information/data-collections-and-data-sets/data-sets/emergency-care-data-set-ecds,https://healthdatagateway.org/en/dataset/871,ECDS,0,,0,
COVID-19 Lab Tests,Second Generation Surveillance System (SGSS; Pillar 1 & 2 - positive results only),Second Generation Surveillance System (SGSS; Pillar 1 & 2 - positive results only),sgss,sgss,sgss,England,Dataset available ,"The COVID-19 Second Generation Surveillance System (SGSS) includes demographic and diagnostic information concerning antigen test reports for COVID-19 in England. This dataset currently includes the first positive results from Pillar 1 (swab testing in PHE and NHS hospital labs), and Pillar 2 (swab testing in the wider population at drive through test centres, walk-in centres, home kits returned by post etc). Future flows are anticipated to include all positive, negative, void and inconclusive test results.

This dataset is no longer updated.",2020-01,https://digital.nhs.uk/about-nhs-digital/corporate-information-and-documents/directions-and-data-provision-notices/data-provision-notices-dpns/sgss-and-sari-watch-data,https://healthdatagateway.org/en/dataset/854,SGSS,0,,0,
COVID-19 Lab Tests,Pillar 2 Antigen (positive and negative),COVID-19 antigen testing - Pillar 2 (positive and negative),covid_antigen_testing_pillar2,covid_antigen_testing_pillar2,covid_antigen_testing_pillar2,England,Dataset available ,"The COVID-19 UK non-hospital antigen testing results (Pillar 2) dataset includes data on antigen swab COVID-19 testing, conducted via drive-through test centres, mobile testing units, satellite test centres, home testing and care home testing. It consists of records from the entire UK, but only English data is provided by default. 

This dataset is no longer updated",2020-01,https://digital.nhs.uk/services/data-access-request-service-dars/dars-products-and-services/data-set-catalogue/covid-19-uk-non-hospital-antigen-testing-results-pillar-2,https://healthdatagateway.org/en/dataset/15,Pillar 2,0,,0,
COVID-19 Lab Tests,Pillar 3 Antibody (positive and negative),COVID-19 antibody testing - Pillar 3 (positive and negative),covid_antibody_testing_pillar3,covid_antibody_testing_pillar3,covid_antibody_testing_pillar3,England,Dataset available ,"The COVID-19 UK non-hospital antibody testing results (Pillar 3) dataset, also referred to as iElisa, documents individuals that have undergone a finger prick test for antibodies from having had COVID-19. The dataset is UK-wide and contains positive, negative and void results. It also contains demographic data. Data available is in relation to specified cohorts which differ across geography and time. Data does not include the NHS Antibody tests as NHS Digital does not hold this data.

This dataset is no longer updated.",2020-01,https://digital.nhs.uk/coronavirus/coronavirus-covid-19-response-information-governance-hub,https://healthdatagateway.org/en/dataset/858,Pillar 3,0,,0,
COVID-19 Lab Tests,Variant strain data (COG-UK),Variant strain data (COG-UK),,,,England,Dataset requested,"The COVID-19 Genomics UK (COG-UK) consortium has published a dataset which contains over 20K SARS-CoV-2 viral genome sequences available as open access. COG-UK works with the UK Public Health Agencies, Health Data Research UK and other partners to ensure COG-UK SARS-CoV-2 sequencing data is available in a number of trusted research environments to enable accredited researchers to link to externally held datasets",2000-01,,https://healthdatagateway.org/en/dataset/49,COG-UK (Eng),0,,0,
COVID-19 Vaccinations,COVID-19 vaccination status,COVID-19 vaccination status,vaccine_status,vaccine_status,vaccine_status,England,Dataset available ,"The COVID-19 vaccination status dataset records individual vaccination events, details of the patients, and batch information on the vaccine for anyone vaccinated within England, or those vaccinated in a devolved administration where this information was passed to England.",2020-01,https://digital.nhs.uk/services/data-access-request-service-dars/dars-products-and-services/data-set-catalogue/covid-19-vaccination-status,https://healthdatagateway.org/en/dataset/872,COVID-19 Vaccines,0,,0,
COVID-19 Vaccinations,COVID-19 vaccination adverse reactions,COVID-19 vaccination adverse reactions,vaccine_adverse_reactions,vaccine_adverse_reactions,vaccine_adverse_reactions,England,Dataset available ,"The COVID-19 vaccination adverse reactions dataset includes records relating to patients who have had any adverse reaction to a COVID-19 vaccination, which occurs within the first fifteen minutes after administration of the vaccine. The dataset covers vaccination events in England, or events from devolved administrations where this information was subsequently passed to England.",2020-01,https://digital.nhs.uk/services/data-access-request-service-dars/dars-products-and-services/data-set-catalogue/covid-19-vaccination-adverse-reaction,https://healthdatagateway.org/en/dataset/873,COVID-19 Adverse,0,,0,
Deaths,Civil Registry Deaths,Civil Registry Deaths,death,death,death,England,Dataset available ,"The Civil Registration of Deaths dataset contains details of all registered deaths in England and Wales since 1993, as provided by the ONS. The dataset contains basic demographics of the deceased person, cause of death, records of other diagnoses, which may – or may not – have directly contributed to the death and information about registration itself.",1988-01,https://digital.nhs.uk/services/data-services-for-commissioners/datasets/civil-registration-of-deaths-dataset,https://healthdatagateway.org/en/dataset/877,Deaths (Eng),0,,0,
ITU,ICNARC COVID,ICNARC COVID,icnarc,icnarc,icnarc,England,Dataset available ,The Intensive Care National Audit & Research Centre (ICNARC) COVID-19 dataset covers adult patients (aged 18 years and over) in general critical care units who had a laboratory confirmed COVID-19 case in England since 12th December 2019.,2000-01,https://digital.nhs.uk/about-nhs-digital/corporate-information-and-documents/directions-and-data-provision-notices/data-provision-notices-dpns/icnarc-case-mix-adult-critical-care,https://healthdatagateway.org/en/dataset/795,ICNARC (Eng),0,,0,
ITU/HDU Admissions,COVID-19 SARI-Watch (formerly CHESS),COVID-19 SARI-Watch (formerly CHESS),chess,chess,chess,England,Dataset available ,"Data forming the COVID-19 SARI-Watch dataset (formerly CHESS) relates to demographic, risk factor, treatment and outcome information for patients admitted to hospital with a confirmed COVID-19 diagnosis, as recorded in the COVID-19 SARI-Watch surveillance. Note that SARI-Watch replaced CHESS which was initiated across all NHS Trusts in England on 15 March 2020. SARI-Watch replaced CHESS in summer 2020 and collects the same data items as CHESS, but includes infections other than COVID-19.",2019-01,https://digital.nhs.uk/about-nhs-digital/corporate-information-and-documents/directions-and-data-provision-notices/data-provision-notices-dpns/sgss-and-sari-watch-data,https://healthdatagateway.org/en/dataset/881,COVID-19 SARI-Watch,0,,0,
Prescribing/Dispensing,NHS BSA Dispensed Medicines,Medicines dispensed in Primary Care (NHSBSA),primary_care_meds,primary_care_meds,primary_care_meds,England,Dataset available ,"The Medicines Dispensed in Primary Care (NHS BSA) dataset comprises prescriptions for medicines that are dispensed, or supplied, by community pharmacists, appliance contractors and dispensing doctors in England. The data also includes: prescriptions submitted by prescribing doctors for medicines personally administered in England; prescriptions written in England and dispensed outside of England; and prescriptions written in Wales, Scotland, Northern Ireland, the Isle of Man, Jersey and Guernsey but dispensed in England",2000-01,https://digital.nhs.uk/services/data-access-request-service-dars/dars-products-and-services/data-set-catalogue/medicines-dispensed-in-primary-care-nhsbsa,https://healthdatagateway.org/en/dataset/867,NHS BSA Dispensed,0,,0,
Prescribing/Dispensing - EPMA,Electronic Prescribing and Medicines Administration (ePMA) - Administration,Electronic Prescribing and Medicines Administration (ePMA) - Administration,epma_administration,epma_administration,epma_administration,England,Dataset available ,"Established by NHS Digital in December 2020, the Electronic Prescribing and Medicines Administration (EPMA) dataset is a daily collection of data from electronic prescription and administration systems. This data, relating to medicines prescribed and administered to patients, is sourced from secondary care NHS trusts in England.

This dataset is no longer updated.",2000-01,https://digital.nhs.uk/data-and-information/data-collections-and-data-sets/data-collections/electronic-prescribing-and-administration-epma-data-in-secondary-care,,EPMA Administration,0,,0,
Prescribing/Dispensing - EPMA,Electronic Prescribing and Medicines Administration (ePMA) - Administration DMD,Electronic Prescribing and Medicines Administration (ePMA) - Administration DMD,epma_administration_dmd,epma_administration_dmd,epma_administration_dmd,England,Dataset available ,"Established by NHS Digital in December 2020, the Electronic Prescribing and Medicines Administration (EPMA) dataset is a daily collection of data from electronic prescription and administration systems. This data, relating to medicines prescribed and administered to patients, is sourced from secondary care NHS trusts in England.

This dataset is no longer updated.",2000-01,https://digital.nhs.uk/data-and-information/data-collections-and-data-sets/data-collections/electronic-prescribing-and-administration-epma-data-in-secondary-care,,EPMA Administration DMD,0,,0,
Prescribing/Dispensing - EPMA,Electronic Prescribing and Medicines Administration (ePMA) - Administration Dosage,Electronic Prescribing and Medicines Administration (ePMA) - Administration Dosage,epma_administration_dosage,epma_administration_dosage,epma_administration_dosage,England,Dataset available ,"Established by NHS Digital in December 2020, the Electronic Prescribing and Medicines Administration (EPMA) dataset is a daily collection of data from electronic prescription and administration systems. This data, relating to medicines prescribed and administered to patients, is sourced from secondary care NHS trusts in England.

This dataset is no longer updated.",2000-01,https://digital.nhs.uk/data-and-information/data-collections-and-data-sets/data-collections/electronic-prescribing-and-administration-epma-data-in-secondary-care,,EPMA Administration Dosage,0,,0,
Prescribing/Dispensing - EPMA,Electronic Prescribing and Medicines Administration (ePMA) - Prescription,Electronic Prescribing and Medicines Administration (ePMA) - Prescription,epma_prescription,epma_prescription,epma_prescription,England,Dataset available ,"Established by NHS Digital in December 2020, the Electronic Prescribing and Medicines Administration (EPMA) dataset is a daily collection of data from electronic prescription and administration systems. This data, relating to medicines prescribed and administered to patients, is sourced from secondary care NHS trusts in England.

This dataset is no longer updated.",2000-01,https://digital.nhs.uk/data-and-information/data-collections-and-data-sets/data-collections/electronic-prescribing-and-administration-epma-data-in-secondary-care,,EPMA Prescription,0,,0,
Prescribing/Dispensing - EPMA,Electronic Prescribing and Medicines Administration (ePMA) - Prescription DMD,Electronic Prescribing and Medicines Administration (ePMA) - Prescription DMD,epma_prescription_dmd,epma_prescription_dmd,epma_prescription_dmd,England,Dataset available ,"Established by NHS Digital in December 2020, the Electronic Prescribing and Medicines Administration (EPMA) dataset is a daily collection of data from electronic prescription and administration systems. This data, relating to medicines prescribed and administered to patients, is sourced from secondary care NHS trusts in England.

This dataset is no longer updated.",2000-01,https://digital.nhs.uk/data-and-information/data-collections-and-data-sets/data-collections/electronic-prescribing-and-administration-epma-data-in-secondary-care,,EPMA Prescription DMD,0,,0,
Prescribing/Dispensing - EPMA,Electronic Prescribing and Medicines Administration (ePMA) - Prescription Dosage,Electronic Prescribing and Medicines Administration (ePMA) - Prescription Dosage,epma_prescription_dosage,epma_prescription_dosage,epma_prescription_dosage,England,Dataset available ,"Established by NHS Digital in December 2020, the Electronic Prescribing and Medicines Administration (EPMA) dataset is a daily collection of data from electronic prescription and administration systems. This data, relating to medicines prescribed and administered to patients, is sourced from secondary care NHS trusts in England.

This dataset is no longer updated.",2000-01,https://digital.nhs.uk/data-and-information/data-collections-and-data-sets/data-collections/electronic-prescribing-and-administration-epma-data-in-secondary-care,,EPMA Prescription Dosage,0,,0,
Prescribing/Dispensing - EPMA,Electronic Prescribing and Medicines Administration (ePMA) - Prescription Chemical,Electronic Prescribing and Medicines Administration (ePMA) - Prescription Chemical,epma_prescription_chemical,epma_prescription_chemical,epma_prescription_chemical,England,Dataset available ,"Established by NHS Digital in December 2020, the Electronic Prescribing and Medicines Administration (EPMA) dataset is a daily collection of data from electronic prescription and administration systems. This data, relating to medicines prescribed and administered to patients, is sourced from secondary care NHS trusts in England.

This dataset is no longer updated.",2000-01,https://digital.nhs.uk/data-and-information/data-collections-and-data-sets/data-collections/electronic-prescribing-and-administration-epma-data-in-secondary-care,,EPMA Prescription Chemical,0,,0,
NICOR CVD Audits,National Institute for Cardiovascular Outcomes Research (NICOR) - Myocardial Ischaemia National Audit Project (MINAP),National Institute for Cardiovascular Outcomes Research (NICOR) - Myocardial Ischaemia National Audit Project (MINAP),nicor_minap,nicor_minap,nicor_minap,England,Dataset available ,"The Myocardial Ischaemia National Audit Project (MINAP) contains information about the care provided to patients who are admitted to hospital with acute coronary syndromes (heart attack). Data are collected and analysed to illustrate the ‘patient journey’ from a call to the emergency services or their self-presentation at an Emergency Department, through diagnosis and treatment at hospital, to the prescription of preventive medications on discharge.",2000-01,https://www.nicor.org.uk/national-cardiac-audit-programme/heart-attack-audit-minap,,MINAP,0,,0,
NICOR CVD Audits,National Institute for Cardiovascular Outcomes Research (NICOR) - National Audit of Cardiac Rhthm Management (NACRM),National Institute for Cardiovascular Outcomes Research (NICOR) - National Audit of Cardiac Rhythm Management (NACRM),nicor_crm_eps,nicor_crm_eps,nicor_crm_eps,England,Dataset available ,The National Audit of Cardiac Rhythm Management (NACRM) collects information about all implanted cardiac devices and all patients receiving interventional procedures for management of cardiac rhythm disorders in the UK.,2000-01,https://www.nicor.org.uk/national-cardiac-audit-programme/cardiac-rhythm-audit-nacrm,,NACRM,0,,0,
NICOR CVD Audits,National Institute for Cardiovascular Outcomes Research (NICOR) - National Adult Cardiac Surgery Audit (NACSA),National Institute for Cardiovascular Outcomes Research (NICOR) - National Adult Cardiac Surgery Audit (NACSA),nicor_acs_combined,nicor_acs_combined,nicor_acs_combined,England,Dataset available ,The National Adult Cardiac Surgery Audit (NACSA) collects data on all major heart operations carried out in NHS hospitals and a selection of private hospitals throughout the UK. The NACSA collects consecutive operation data from all NHS hospitals in the UK that carry out adult heart surgery. A number of Irish and UK private surgical units also voluntarily submit data.,2000-01,https://www.nicor.org.uk/national-cardiac-audit-programme/cardiac-surgery-audit-nacsa,,NACSA,0,,0,
NICOR CVD Audits,National Institute for Cardiovascular Outcomes Research (NICOR) - National Congenital Heart Disease Audit (NCHDA),National Institute for Cardiovascular Outcomes Research (NICOR) - National Congenital Heart Disease Audit (NCHDA),nicor_congenital,nicor_congenital,nicor_congenital,England,Dataset available ,"The National Congenital Heart Disease Audit (NCHDA) was set up in 2000 to assess patient outcomes after therapeutic paediatric and congenital cardiovascular procedures (surgery, transcatheter and electrophysiological interventions) in the UK and the Republic of Ireland (since 2012).",2000-01,https://www.nicor.org.uk/national-cardiac-audit-programme/congenital-audit-nchda,,NCHDA,0,,0,
NICOR CVD Audits,National Institute for Cardiovascular Outcomes Research (NICOR) - National Heart Failure Audit (NHFA),National Institute for Cardiovascular Outcomes Research (NICOR) - National Heart Failure Audit (NHFA),nicor_hf,nicor_hf,nicor_hf,England,Dataset available ,The National Heart Failure Audit (NHFA) collects data on patients with an unscheduled admission to hospital in England and Wales who are discharged with a primary diagnosis of heart failure. Please note that NHFA v5 has now replaced NHFA.,2000-01,https://www.nicor.org.uk/heart-failure-heart-failure-audit/,,NHFA,0,,0,
NICOR CVD Audits,National Institute for Cardiovascular Outcomes Research (NICOR) - National Heart Failure Audit Version 5 (NHFA v5),National Institute for Cardiovascular Outcomes Research (NICOR) - National Heart Failure Audit Version 5 (NHFA v5),nicor_hf_v5,nicor_hf_v5,nicor_hf_v5,England,Dataset available ,The National Heart Failure Audit (NHFA) collects data on patients with an unscheduled admission to hospital in England and Wales who are discharged with a primary diagnosis of heart failure. Please note that NHFA v5 is the new version of NHFA.,2010-01,https://www.nicor.org.uk/heart-failure-heart-failure-audit/,,NHFAv5,0,,0,
NICOR CVD Audits,National Institute for Cardiovascular Outcomes Research (NICOR) - Percutaneous Coronary Interventions (PCI),National Institute for Cardiovascular Outcomes Research (NICOR) - Percutaneous Coronary Interventions (PCI),nicor_pci,nicor_pci,nicor_pci,England,Dataset available ,The Percutaneous Coronary Intervention (PCI; also referred to as 'angioplasty') audit collects information about all PCI procedures performed in all NHS hospitals and a selection of private hospitals in the UK.,2000-01,https://www.nicor.org.uk/national-cardiac-audit-programme/angioplasty-audit-napci,,PCI,0,,0,
NICOR CVD Audits,National Institute for Cardiovascular Outcomes Research (NICOR) - Transcatheter aortic valve implantation (TAVI),National Institute for Cardiovascular Outcomes Research (NICOR) - Transcatheter aortic valve implantation (TAVI),nicor_tavi,nicor_tavi,nicor_tavi,England,Dataset available ,The UK Transcatheter Aortic Valve Implantation (TAVI) registry has collected data about every TAVI procedure performed in the UK.,2000-01,https://www.nicor.org.uk/national-cardiac-audit-programme/transcatheter-aortic-valve-implantation-tavi,,TAVI,0,,0,
Stroke Audit,Sentinel Stroke National Audit Programme (SSNAP),Sentinel Stroke National Audit Programme (SSNAP),ssnap,ssnap,ssnap,England,Dataset available ,"The Sentinel Stroke National Audit Programme (SSNAP) is a major national healthcare quality improvement programme based in the School of Life Course and Population Sciences at King’s College London.  SSNAP measures the quality and organisation of stroke care in the NHS and is the single source of stroke data in England, Wales, and Northern Ireland. This continuously ascertained, record-level dataset audit collects information on stroke patients in acute hospital, and follows recovery, rehabilitation, and outcomes at the point of 6 month assessment.",2000-01,https://digital.nhs.uk/about-nhs-digital/corporate-information-and-documents/directions-and-data-provision-notices/data-provision-notices-dpns/sentinel-stroke-ssnap-data-set,https://healthdatagateway.org/en/dataset/543,SSNAP,0,,0,
National Vascular Registry,National Vascular Registry (NVR),National Vascular Registry (NVR),,,,England,Dataset requested,"The National Vascular Registry (NVR) is a national clinical audit commissioned by the Health Quality Improvement Partnership to measure quality of care for patients who undergo vascular surgery in NHS hospitals. The NVR collects data on the five main procedures performed by vascular specialists in the UK: the repair of abdominal aortic aneurysm; carotid endarterectomy; lower limb angioplasty/stenting, lower limb bypass and lower limb amputation for peripheral arterial disease. ",2000-01,https://digital.nhs.uk/about-nhs-digital/corporate-information-and-documents/directions-and-data-provision-notices/data-provision-notices-dpns/national-vascular-registry,,NVR (Eng),0,,0,
IAPT,Improving Access to Psychological Therapies (IAPT) - Care Activities,Improving Access to Psychological Therapies (IAPT) - Care Activities,iapt_care_activities_all_years,iapt_care_activities_all_years,iapt_care_activities,England,Dataset available ,"The Improving Access to Psychological Therapies (IAPT) dataset collects information about people in contact with adult psychological therapy services in England. This national dataset has been collected since April 2012 and is a mandatory submission for all NHS funded care, including care delivered by independent sector healthcare providers.",2000-01,https://digital.nhs.uk/data-and-information/data-collections-and-data-sets/data-sets/improving-access-to-psychological-therapies-data-set,https://healthdatagateway.org/en/dataset/876,IAPT Care Activities,0,,0,
IAPT,Improving Access to Psychological Therapies (IAPT) - Care Cluster,Improving Access to Psychological Therapies (IAPT) - Care Cluster,iapt_care_cluster_all_years,iapt_care_cluster_all_years,iapt_care_cluster,England,Dataset available ,"The Improving Access to Psychological Therapies (IAPT) dataset collects information about people in contact with adult psychological therapy services in England. This national dataset has been collected since April 2012 and is a mandatory submission for all NHS funded care, including care delivered by independent sector healthcare providers.",2020-01,https://digital.nhs.uk/data-and-information/data-collections-and-data-sets/data-sets/improving-access-to-psychological-therapies-data-set,https://healthdatagateway.org/en/dataset/876,IAPT Care Cluster,0,,0,
IAPT,Improving Access to Psychological Therapies (IAPT) - Coded Scored Assessments,Improving Access to Psychological Therapies (IAPT) - Coded Scored Assessments,iapt_coded_scored_assessments_all_years,iapt_coded_scored_assessments_all_years,iapt_coded_scored_assessments,England,Dataset available ,"The Improving Access to Psychological Therapies (IAPT) dataset collects information about people in contact with adult psychological therapy services in England. This national dataset has been collected since April 2012 and is a mandatory submission for all NHS funded care, including care delivered by independent sector healthcare providers.",2000-01,https://digital.nhs.uk/data-and-information/data-collections-and-data-sets/data-sets/improving-access-to-psychological-therapies-data-set,https://healthdatagateway.org/en/dataset/876,IAPT Coded Score Assessments,0,,0,
IAPT,Improving Access to Psychological Therapies (IAPT) - Demographics and Referral ,Improving Access to Psychological Therapies (IAPT) - Demographics and Referral ,iapt_demographics_and_referral_all_years,iapt_demographics_and_referral_all_years,iapt_demographics_and_referral,England,Dataset available ,"The Improving Access to Psychological Therapies (IAPT) dataset collects information about people in contact with adult psychological therapy services in England. This national dataset has been collected since April 2012 and is a mandatory submission for all NHS funded care, including care delivered by independent sector healthcare providers.",2018-01,https://digital.nhs.uk/data-and-information/data-collections-and-data-sets/data-sets/improving-access-to-psychological-therapies-data-set,https://healthdatagateway.org/en/dataset/876,IAPT Demographics & Referral,0,,0,
IAPT,Improving Access to Psychological Therapies (IAPT) - Employment Status,Improving Access to Psychological Therapies (IAPT) - Employment Status,iapt_employment_status_all_years,iapt_employment_status_all_years,iapt_employment_status,England,Dataset available ,"The Improving Access to Psychological Therapies (IAPT) dataset collects information about people in contact with adult psychological therapy services in England. This national dataset has been collected since April 2012 and is a mandatory submission for all NHS funded care, including care delivered by independent sector healthcare providers.",2018-01,https://digital.nhs.uk/data-and-information/data-collections-and-data-sets/data-sets/improving-access-to-psychological-therapies-data-set,https://healthdatagateway.org/en/dataset/876,IAPT Employment Status,0,,0,
IAPT,Improving Access to Psychological Therapies (IAPT) - Internet Enabled Therapies,Improving Access to Psychological Therapies (IAPT) - Internet Enabled Therapies,iapt_internet_enabled_therapies_all_years,iapt_internet_enabled_therapies_all_years,iapt_internet_enabled_therapies,England,Dataset available ,"The Improving Access to Psychological Therapies (IAPT) dataset collects information about people in contact with adult psychological therapy services in England. This national dataset has been collected since April 2012 and is a mandatory submission for all NHS funded care, including care delivered by independent sector healthcare providers.",2000-01,https://digital.nhs.uk/data-and-information/data-collections-and-data-sets/data-sets/improving-access-to-psychological-therapies-data-set,https://healthdatagateway.org/en/dataset/876,IAPT Internet Enabled Therapies,0,,0,
IAPT,Improving Access to Psychological Therapies (IAPT) - Onward Referrals,Improving Access to Psychological Therapies (IAPT) - Onward Referrals,iapt_onward_referrals_all_years,iapt_onward_referrals_all_years,iapt_onward_referrals,England,Dataset available ,"The Improving Access to Psychological Therapies (IAPT) dataset collects information about people in contact with adult psychological therapy services in England. This national data set has been collected since April 2012 and is a mandatory submission for all NHS funded care, including care delivered by independent sector healthcare providers.",2000-01,https://digital.nhs.uk/data-and-information/data-collections-and-data-sets/data-sets/improving-access-to-psychological-therapies-data-set,https://healthdatagateway.org/en/dataset/876,IAPT Onward Referrals,0,,0,
MSDS,Maternity Services Data Set (MSDS) - Baby Demographics,Maternity Services Data Set (MSDS) - Baby Demographics,msds_baby_demographics_all_years,msds_baby_demographics_all_years,msds_baby_demographics,England,Dataset available ,"The Maternity Services Data Set (MSDS) is a patient-level dataset that captures information about activity carried out by Maternity Services relating to a mother and baby(s), from the point of the first booking appointment until mother and baby(s) are discharged from the services. ",2000-01,https://digital.nhs.uk/data-and-information/data-collections-and-data-sets/data-sets/maternity-services-data-set,https://healthdatagateway.org/en/dataset/847,MSDS - Baby Demogr,0,,0,
MSDS,Maternity Services Data Set (MSDS) - Baby Diagnoses,Maternity Services Data Set (MSDS) - Baby Diagnoses,msds_baby_diagnoses_all_years,msds_baby_diagnoses_all_years,msds_baby_diagnoses,England,Dataset available ,"The Maternity Services Data Set (MSDS) is a patient-level dataset that captures information about activity carried out by Maternity Services relating to a mother and baby(s), from the point of the first booking appointment until mother and baby(s) are discharged from the services. ",2000-01,https://digital.nhs.uk/data-and-information/data-collections-and-data-sets/data-sets/maternity-services-data-set,https://healthdatagateway.org/en/dataset/847,MSDS - Baby Diagnoses,0,,0,
MSDS,Maternity Services Data Set (MSDS) - Care Activities,Maternity Services Data Set (MSDS) - Care Activities,msds_care_activities_all_years,msds_care_activities_all_years,msds_care_activities,England,Dataset available ,"The Maternity Services Data Set (MSDS) is a patient-level dataset that captures information about activity carried out by Maternity Services relating to a mother and baby(s), from the point of the first booking appointment until mother and baby(s) are discharged from the services. ",2000-01,https://digital.nhs.uk/data-and-information/data-collections-and-data-sets/data-sets/maternity-services-data-set,https://healthdatagateway.org/en/dataset/847,MSDS - Care Activities,0,,0,
MSDS,Maternity Services Data Set (MSDS) - Demographics Bookings and Pregnancy,Maternity Services Data Set (MSDS) - Demographics Bookings and Pregnancy,msds_demographics_booking_and_pregnancy_all_years,msds_demographics_booking_and_pregnancy_all_years,msds_demographics_booking_and_pregnancy,England,Dataset available ,"The Maternity Services Data Set (MSDS) is a patient-level dataset that captures information about activity carried out by Maternity Services relating to a mother and baby(s), from the point of the first booking appointment until mother and baby(s) are discharged from the services. ",2000-01,https://digital.nhs.uk/data-and-information/data-collections-and-data-sets/data-sets/maternity-services-data-set,https://healthdatagateway.org/en/dataset/847,MSDS - Demogr Booking & Pregnancy,0,,0,
MSDS,Maternity Services Data Set (MSDS) - Diagnoses and History,Maternity Services Data Set (MSDS) - Diagnoses and History,msds_diagnoses_and_history_all_years,msds_diagnoses_and_history_all_years,msds_diagnoses_and_history,England,Dataset available ,"The Maternity Services Data Set (MSDS) is a patient-level dataset that captures information about activity carried out by Maternity Services relating to a mother and baby(s), from the point of the first booking appointment until mother and baby(s) are discharged from the services. ",2000-01,https://digital.nhs.uk/data-and-information/data-collections-and-data-sets/data-sets/maternity-services-data-set,https://healthdatagateway.org/en/dataset/847,MSDS - Diagnoses & History,0,,0,
MSDS,Maternity Services Data Set (MSDS) - Findings and Observations,Maternity Services Data Set (MSDS) - Findings and Observations,msds_findings_and_observations_all_years,msds_findings_and_observations_all_years,msds_findings_and_observations,England,Dataset available ,"The Maternity Services Data Set (MSDS) is a patient-level dataset that captures information about activity carried out by Maternity Services relating to a mother and baby(s), from the point of the first booking appointment until mother and baby(s) are discharged from the services. ",2000-01,https://digital.nhs.uk/data-and-information/data-collections-and-data-sets/data-sets/maternity-services-data-set,https://healthdatagateway.org/en/dataset/847,MSDS - Findings & Obs,0,,0,
MSDS,Maternity Services Data Set (MSDS) - Hospital Provider Spells,Maternity Services Data Set (MSDS) - Hospital Provider Spells,msds_hospital_provider_spell_all_years,msds_hospital_provider_spell_all_years,msds_hospital_provider_spell,England,Dataset available ,"The Maternity Services Data Set (MSDS) is a patient-level dataset that captures information about activity carried out by Maternity Services relating to a mother and baby(s), from the point of the first booking appointment until mother and baby(s) are discharged from the services. ",2000-01,https://digital.nhs.uk/data-and-information/data-collections-and-data-sets/data-sets/maternity-services-data-set,https://healthdatagateway.org/en/dataset/847,MSDS - Hospital Provider Spells,0,,0,
MSDS,Maternity Services Data Set (MSDS) - Labour Activities,Maternity Services Data Set (MSDS) - Labour Activities,msds_labour_activities_all_years,msds_labour_activities_all_years,msds_labour_activities,England,Dataset available ,"The Maternity Services Data Set (MSDS) is a patient-level dataset that captures information about activity carried out by Maternity Services relating to a mother and baby(s), from the point of the first booking appointment until mother and baby(s) are discharged from the services. ",2000-01,https://digital.nhs.uk/data-and-information/data-collections-and-data-sets/data-sets/maternity-services-data-set,https://healthdatagateway.org/en/dataset/847,MSDS - Labour Activities,0,,0,
MSDS,Maternity Services Data Set (MSDS) - Maternity Care Plan,Maternity Services Data Set (MSDS) - Maternity Care Plan,msds_maternity_care_plan_all_years,msds_maternity_care_plan_all_years,msds_maternity_care_plan,England,Dataset available ,"The Maternity Services Data Set (MSDS) is a patient-level dataset that captures information about activity carried out by Maternity Services relating to a mother and baby(s), from the point of the first booking appointment until mother and baby(s) are discharged from the services. ",2000-01,https://digital.nhs.uk/data-and-information/data-collections-and-data-sets/data-sets/maternity-services-data-set,https://healthdatagateway.org/en/dataset/847,MSDS,0,,0,
Other,Mental Health Services Data Set (MHSDS),Mental Health Services Data Set (MHSDS),,,,England,Dataset requested,"The Mental Health Services Data Set (MHSDS) collects data from the health records of individual children, young people and adults who are in contact with mental health services.The MHSDS brings together information captured on clinical systems as part of patient care. It covers not only services provided in hospitals but also outpatient clinics and in the community, where the majority of people in contact with these services are treated.",2000-01,https://digital.nhs.uk/data-and-information/data-collections-and-data-sets/data-sets/mental-health-services-data-set,https://healthdatagateway.org/en/dataset/672,MHSDS,0,,0,
Other,Mental Health of Children and Young People,Mental Health of Children and Young People,,,,England,Dataset requested,"The Mental Health of Children and Young People survey series provides England’s best source of data on trends in child mental health. Major surveys of the mental health of children and young people in England were carried out in 1999, 2004, and 2017. While many surveys use brief tools to screen for nonspecific psychiatric distress or dissatisfaction, this series applied rigorous, detailed and consistent methods to assess for a range of different types of disorder according to International Classification of Disease (ICD-10) diagnostic criteria. All cases were reviewed by clinically-trained raters.",2000-01,https://digital.nhs.uk/data-and-information/publications/statistical/mental-health-of-children-and-young-people-in-england,,Mental Health Children & Young People,0,,0,
Other,Patient Reported Outcome Measures (PROMs),Patient Reported Outcome Measures (PROMs),,,,England,Dataset requested,"The Patient Reported Outcome Measures (PROMs) dataset measures health gain in patients undergoing hip replacement, knee replacement and up to September 2017, varicose vein and groin hernia surgery in England, based on responses to questionnaires before and after surgery.",2000-01,https://digital.nhs.uk/data-and-information/data-tools-and-services/data-services/patient-reported-outcome-measures-proms,https://healthdatagateway.org/en/dataset/866,PROMs,0,,0,
Primary,Primary Care,Primary Care,gp_cluster,gp_cluster,,Scotland,Dataset requested,Scottish Primary Care provided at cluster level.,2000-01,,,Primary Care,0,,0,
Secondary Care,Outpatient Appointments and Attendances - Scottish Morbidity Record (SMR00),Outpatient Appointments and Attendances - Scottish Morbidity Record (SMR00),smr00,smr00,SMR00,Scotland,Dataset available ,The Outpatients (SMR00) dataset collects episode level data from patients on new and follow-up appointments at outpatient clinics in all specialities (except A&E and Genito-Urinary Medicine). An SMR00 is generated for outpatients receiving care in the specialties listed when: they attend a medical consultant outpatient clinic; they meet with a consultant or senior member of his/her team outwith an outpatient clinic session (including the patient's home); they attend a clinic run by a nurse or an AHP identified as the Health Care Professional Responsible for Care for that clinic and who has legal and clinical responsibility for that patient.,2000-01,https://publichealthscotland.scot/resources-and-tools/health-intelligence-and-data-management/national-data-catalogue/national-datasets/search-the-datasets/outpatient-appointments-and-attendances-scottish-morbidity-record-smr00/,https://healthdatagateway.org/en/dataset/68,SMR00,0,,0,
Secondary Care,General Acute Inpatient and Day Case - Scottish Morbidity Record (SMR01),General Acute Inpatient and Day Case - Scottish Morbidity Record (SMR01),smr01,smr01,SMR01,Scotland,Dataset available ,"The General/Acute and Inpatient Day Case dataset (SMR01) collects episode level data on hospital inpatient and day case discharges from acute specialities from hospitals in Scotland. The dataset contains patient identifiers such as name, date of birth, Community Health Index number, NHS number, postcode and ethnicity and episode management data. Of particular interest to researchers would be variables such as where the episode took place, admission type (includes patient injury classifications such as self-inflicted or home accident), waiting times, patients condition (as classified under ICD-10), operations, and discharge location. A wide variety of geographical data is also included in the dataset including Scottish Index of Multiple Deprivation and Carstairs measures, census output area, NHS Board, Electoral Ward and Parliamentary constituency.",2000-01,https://publichealthscotland.scot/resources-and-tools/health-intelligence-and-data-management/national-data-catalogue/national-datasets/search-the-datasets/general-acute-inpatient-and-day-case-scottish-morbidity-record-smr01/,https://healthdatagateway.org/en/dataset/74,SMR01,0,,0,
Secondary Care,Accident & Emergency,Accident & Emergency,a_e,a_e,A&E,Scotland,Dataset available ,"The Accident & Emergency (A&E) datamart was established in June 2007 and contains data on patient attendances at Emergency departments, minor injury units and community hospital A&Es across NHS Scotland. In July 2010 the A&E data mart was extended further to collect items such as diagnosis, several injury fields and an alcohol involved flag, which will be used to identify whether the patient’s alcohol consumption was a factor in the attendance. There are two types of data submitted to the A&E datamart: episode and aggregate level data. All hospitals with Emergency Departments submit episode level data containing a detailed record for each patient attendance. Some smaller sites with minor injury units or community hospitals only submit aggregate files containing monthly summary attendance and compliance figures only. ",2000-01,https://publichealthscotland.scot/resources-and-tools/health-intelligence-and-data-management/national-data-catalogue/national-datasets/search-the-datasets/accident-and-emergency-data-mart-ae2/,https://healthdatagateway.org/en/dataset/82,A&E,0,,0,
COVID-19 Lab Tests,Electronic Communication of Surveillance in Scotland (ECOSS),Electronic Communication of Surveillance in Scotland (ECOSS),ecoss,ecoss,,Scotland,Dataset available ,The Electronic Communication of Surveillance in Scotland (ECOSS) dataset holds all positive microbiology laboratory specimen results and a subset of antimicrobial susceptibility/resistance data in Scotland.,2000-01,https://publichealthscotland.scot/resources-and-tools/health-intelligence-and-data-management/national-data-catalogue/national-datasets/search-the-datasets/electronic-communication-of-surveillance-scotland-ecoss/,,ECOSS,0,,1,This dataset has been archived and we do not currently hold an archived data dictionary
COVID-19 Lab Tests,Covid Tests,Covid Tests,covid_testing_lect,covid_testing_lect,COVID Tests,Scotland,Dataset available ,"The Covid Tests dataset started as Electronic Communication of Surveillance in Scotland (ECOSS), a set holding all positive microbiology laboratory specimen results and a subset of antimicrobial susceptibility/resistance data in Scotland. This dataset was archived as of 08-2021 and Covid Tests took over. This newer version includes ECOSS tests, lighthouse results and private lab results.",2000-01,,,L&ECOSS,0,,0,
COVID-19 Lab Tests,Variant strain data (COG-UK),Variant strain data (COG-UK),cog_uk_metadata,cog_uk_metadata,COGUK Metadata,Scotland,Dataset available ,"The COVID-19 Genomics UK (COG-UK) consortium has published a dataset which contains over 20K SARS-CoV-2 viral genome sequences available as open access. COG-UK works with the UK Public Health Agencies, Health Data Research UK and other partners to ensure COG-UK SARS-CoV-2 sequencing data is available in a number of trusted research environments to enable accredited researchers to link to externally held datasets.",2000-01,,https://healthdatagateway.org/en/dataset/49,COG-UK (Scot),0,,0,
COVID-19 Vaccinations,Vaccination Data,Vaccination Data,vaccination,vaccination,Vaccination Data,Scotland,Dataset available ,"This dataset contains COVID-19 vaccination events in Scotland since December 2020. This includes information such as eligibility cohort, date of vaccination, and vaccination product.",2000-01,https://publichealthscotland.scot/resources-and-tools/health-intelligence-and-data-management/national-data-catalogue/national-datasets/search-the-datasets/vaccinations-dataset/,https://healthdatagateway.org/en/dataset/53,Vaccination,0,,0,
Deaths,Deaths,Deaths,deaths,deaths,NRS Deaths,Scotland,Dataset available ,This register contains detailed information about each person who has died in Scotland since 1 January 1855.,2000-01,https://publichealthscotland.scot/resources-and-tools/health-intelligence-and-data-management/national-data-catalogue/national-datasets/search-the-datasets/national-records-of-scotland-nrs-deaths-data/,https://healthdatagateway.org/en/dataset/64,Deaths (Scot),0,,0,
ITU,SICSAG Daily,SICSAG Daily,sicsag_daily,sicsag_daily,SICSAG Daily,Scotland,Dataset available ,The Scottish Intensive Care Society Audit Group (SICSAG) has maintained a national database of patients admitted to adult general Intensive Care Units (ICU) in Scotland since 1995. Each line relates to a day of stay in critical care.,2000-01,https://publichealthscotland.scot/resources-and-tools/health-intelligence-and-data-management/national-data-catalogue/national-datasets/search-the-datasets/scottish-intensive-care-society-audit-group-sicsag/,https://healthdatagateway.org/en/dataset/62,SICSAG Daily,0,,0,
ITU,SICSAG Episodes,SICSAG Episodes,sicsag_episodes,sicsag_episodes,SICSAG Episodes,Scotland,Dataset available ,The Scottish Intensive Care Society Audit Group (SICSAG) has maintained a national database of patients admitted to adult general Intensive Care Units (ICU) in Scotland since 1995. Each line relates to a day of stay in critical care.,2000-01,https://publichealthscotland.scot/resources-and-tools/health-intelligence-and-data-management/national-data-catalogue/national-datasets/search-the-datasets/scottish-intensive-care-society-audit-group-sicsag/,https://healthdatagateway.org/en/dataset/59,SICSAG Epi,0,,0,
Prescribing/Dispensing,Prescribing Information System (PIS): Dispensed,Prescribing Information System (PIS): Dispensed,dispensed,dispensed,DCVP Dispensed,Scotland,Dataset available ,"The Prescribing Information System (PIS) is the definitive data source for all prescribing relating to all medicines and their costs that are prescribed and dispensed in the community in Scotland. The data covers prescriptions that are prescribed in Scotland by GPs (General Medical Practitioners) and other prescribers (nurses, pharmacists, dentists and allied health professionals) and subsequently dispensed by a community pharmacist, appliance supplier or dispensing doctor anywhere within the UK. Also included are prescriptions written in hospitals that were dispensed in the community. The data includes all medicines, dressings and appliances that were dispensed and reimbursed.",2000-01,https://publichealthscotland.scot/resources-and-tools/health-intelligence-and-data-management/national-data-catalogue/national-datasets/search-the-datasets/prescribing-information-system-pis/,https://healthdatagateway.org/en/dataset/69,PIS dispensed,0,,0,
Prescribing/Dispensing,Prescribing Information System (PIS): Prescribed,Prescribing Information System (PIS): Prescribed,prescribed,prescribed,DCVP Prescribed,Scotland,Dataset available ,"The Prescribing Information System (PIS) is the definitive data source for all prescribing relating to all medicines and their costs that are prescribed and dispensed in the community in Scotland. The data covers prescriptions that are prescribed in Scotland by GPs (General Medical Practitioners) and other prescribers (nurses, pharmacists, dentists and allied health professionals) and subsequently dispensed by a community pharmacist, appliance supplier or dispensing doctor anywhere within the UK. Also included are prescriptions written in hospitals that were dispensed in the community. The data includes all medicines, dressings and appliances that were dispensed and reimbursed.",2000-01,https://publichealthscotland.scot/resources-and-tools/health-intelligence-and-data-management/national-data-catalogue/national-datasets/search-the-datasets/prescribing-information-system-pis/,https://healthdatagateway.org/en/dataset/69,PIS prescribed,0,,0,
Prescribing/Dispensing,Prescribing Information System (PIS): Paid,Prescribing Information System (PIS): Paid,paid,paid,DCVP Paid,Scotland,Dataset available ,"The Prescribing Information System (PIS) is the definitive data source for all prescribing relating to all medicines and their costs that are prescribed and dispensed in the community in Scotland. The data covers prescriptions that are prescribed in Scotland by GPs (General Medical Practitioners) and other prescribers (nurses, pharmacists, dentists and allied health professionals) and subsequently dispensed by a community pharmacist, appliance supplier or dispensing doctor anywhere within the UK. Also included are prescriptions written in hospitals that were dispensed in the community. The data includes all medicines, dressings and appliances that were dispensed and reimbursed.",2000-01,https://publichealthscotland.scot/resources-and-tools/health-intelligence-and-data-management/national-data-catalogue/national-datasets/search-the-datasets/prescribing-information-system-pis/,https://healthdatagateway.org/en/dataset/69,PIS paid,0,,0,
Prescribing/Dispensing,ePrescribing,ePrescribing,scotland11,scotland11,,Scotland,Dataset requested,Is this HEPMA?,2000-01,,,ePrescribing,0,,0,
Stroke Audit,Scottish Stroke Care Audit (SSCA),Scottish Stroke Care Audit (SSCA),ssca,ssca,SSCA,Scotland,Dataset available ,The Scottish Stroke Care Audit (SSCA) checks the quality of stroke care in hospitals in Scotland. The SSCA was established in 2002 and now includes all hospitals managing acute stroke in Scotland.,2000-01,https://publichealthscotland.scot/resources-and-tools/health-intelligence-and-data-management/national-data-catalogue/national-datasets/search-the-datasets/scottish-stroke-care-audit-ssca/,,SSCA,1,This dataset is a registry and coverage is not available.,0,
Other,Diabetes Covariates,Diabetes Covariates,diabetes,diabetes,Diabetes Covariates,Scotland,Dataset available ,"The Diabetes Covarites registry combines information from primary and secondary care datasets. The registry presents information on patients registered as having diabetes in Scotland, at both national and health board level. It should be noted that this registry contains only the latest records of many covariates.",2000-01,,,Diabetes Covs,1,This dataset is a registry and coverage is not available.,0,
Other,Scottish Renal Registry,Scottish Renal Registry,scotland14,scotland14,,Scotland,Dataset available ,The Scottish Renal Registry is a national registry which collects and analyses data on patients who have been diagnosed with renal failure and other renal disorders in Scotland. ,2000-01,https://publichealthscotland.scot/resources-and-tools/health-intelligence-and-data-management/national-data-catalogue/national-datasets/search-the-datasets/scottish-renal-registry-srr-on-behalf-of-the-scottish-renal-association-sra/,,Renal Registry,1,This dataset is a registry and coverage is not available.,0,
Other,Maternity Inpatient and Day Case - Scottish Morbidity Record (SMR02),Maternity Inpatient and Day Case - Scottish Morbidity Record (SMR02),scotland15,scotland15,,Scotland,Dataset requested,"The Maternity Inpatient and Day Case dataset (SMR02) collects episode level data every time a mother goes in for an obstetric event (this can be an antenatal, delivery or postnatal episode). A wide range of information is collected including: Mother's age, height, smoking history and previous obstetric history; birth details - induction, analgesia, method of delivery, outcome; and baby's apgar score, sex, gestation, weight.",2000-01,https://healthdatagateway.org/en/dataset/81,https://publichealthscotland.scot/resources-and-tools/health-intelligence-and-data-management/national-data-catalogue/national-datasets/search-the-datasets/maternity-inpatient-and-day-case-scottish-morbidity-record-smr02/,SMR02,0,,0,
Primary,Welsh Longitudinal General Practice (WLGP),Welsh Longitudinal General Practice (WLGP),Welsh Longitudinal General Practice,Welsh Longitudinal General Practice,Welsh Longitudinal General Prac,Wales,Dataset available ,"The Welsh Longitudinal General Practice (WLGP) dataset contains attendance and clinical information for all general practice interactions, including: patients symptoms, investigations, diagnoses, prescribed medication and referrals to tertiary care. This dataset covers 83% of the population of Wales and 80% of GP practices in Wales.",1950-01,,https://healthdatagateway.org/en/dataset/355,WLGP,0,,0,
Secondary Care,Critical Care Dataset (CCDS),Critical Care Dataset (CCDS),Critical Care Data Set,Critical Care Data Set,Critical Care Data Set,Wales,Dataset available ,"The Critical Care Dataset (CCDS) is a good supplementary to the hospital inpatient dataset (Patient Episode Dataset for Wales - PEDW). It covers the period of critical care patients received, including the intensity of care (e.g. bed levels, organ support), treatment specialty, and outcome. The dataset contains a critical care specific field giving greater granularity for patients under critical care.",2000-01,,https://healthdatagateway.org/en/dataset/301,CCDS,0,,0,
Secondary Care,Emergency Department Dataset (EDDS),Emergency Department Dataset (EDDS),Emergency Department Data Set,Emergency Department Data Set,Emergency Department Data Set,Wales,Dataset available ,The Emergency Department Dataset (EDDS) conatins attendance and clinical information for all NHS Wales Accident and Emergency department attendances. It includes the All Wales Injury Surveillance Systems (AWISS) dataset.,2000-01,,https://healthdatagateway.org/en/dataset/299,EDDS,0,,0,
Secondary Care,Outpatient Dataset for Wales (OPDW),Outpatient Dataset for Wales (OPDW),Out Patient Dataset for Wales,Out Patient Dataset for Wales,Out Patient Dataset for Wales,Wales,Dataset available ,The Outpatient Dataset for Wales (OPDW) includes attendance information for all NHS Wales hospital outpatient appointments.,2000-01,,https://healthdatagateway.org/en/dataset/346,OPDW,0,,0,
Secondary Care,Outpatient Referral Dataset (OPRD),Outpatient Referral Dataset (OPRD),OutPatient Referral Dataset,OutPatient Referral Dataset,OutPatient Referral Dataset,Wales,Dataset available ,"The Outpatient Referral Dataset (OPRD) includes data on outpatient referrals from primary care. This includes a complete referral pathway to secondary care, including all clinical referrals received from General Practitioner, General Dental Practitioners, Community Dental Services, A&E Departments, self referrals, walk-ins or emergency patients accompanied by a GP letter, and Consultant to Consultant Referrals.",2009-01,,https://healthdatagateway.org/en/dataset/308,OPRD,0,,0,
Secondary Care,Patient Episode Dataset for Wales (PEDW) - Spells,Patient Episode Dataset for Wales (PEDW) - Spells,Patient Episode Datbase for Wales (Spells),Patient Episode Datbase for Wales (Spells),PEDW(spell),Wales,Dataset available ,The Patient Episode Dataset for Wales (PEDW) contains all inpatient and day case activity undertaken in NHS Wales plus data on Welsh residents treated in English Trusts.,1995-01,,https://healthdatagateway.org/en/dataset/318,PEDW - Spells,0,,0,
Secondary Care,Patient Episode Dataset for Wales (PEDW) - Episodes,Patient Episode Dataset for Wales (PEDW) - Episodes,Patient Episode Datbase for Wales (Episodes),Patient Episode Datbase for Wales (Episodes),PEDW(episode),Wales,Dataset available ,The Patient Episode Dataset for Wales (PEDW) contains all inpatient and day case activity undertaken in NHS Wales plus data on Welsh residents treated in English Trusts.,2000-01,,https://healthdatagateway.org/en/dataset/318,PEDW - Eps,0,,0,
COVID-19 Lab Tests,COVID-19 Antibody Results,COVID-19 Antibody Results,Pathology Data COVID-19 Daily (Antibody Results),Pathology Data COVID-19 Daily (Antibody Results),noclearmatch2,Wales,Dataset available ,"The COVID-19 Antibody Results dataset details tests, outcomes, and some clinically relevant patient information about COVID-19 Tests in Wales.",2020-05,,https://healthdatagateway.org/en/dataset/345,PATDA,0,,0,
COVID-19 Lab Tests,COVID-19 Test Results (PATD),COVID-19 Test Results (PATD),Pathology Data COVID-19 Daily (Test Results),Pathology Data COVID-19 Daily (Test Results),,Wales,Dataset available ,"The COVID-19 Test Results dataset (PATD) details tests, outcomes, and some clinically relevant patient information about COVID-19 Tests in Wales.",2020-01,,https://healthdatagateway.org/en/dataset/345,PATDT,0,,0,
COVID-19 Lab Tests,COVID-19 Lateral Flow Test (CVLF),COVID-19 Lateral Flow Test (CVLF),COVID-19 Lateral Flow Data,COVID-19 Lateral Flow Data,,Wales,Dataset available ,The COVID-19 Lateral Flow dataset (CVLD) contains data on rapid lateral flow tests used to help to find cases in people who may have no symptoms but are still infectious and can give the virus to others.,2020-01,,https://healthdatagateway.org/en/dataset/354,CVLF,0,,0,
COVID-19 Lab Tests,"COVID-19 Test, Trace & Protect (CTTP)","COVID-19 Test, Trace & Protect (CTTP)","COVID-19 Test, Trace and Protect","COVID-19 Test, Trace and Protect",noclearmatch4,Wales,Dataset available ,"The COVID-19 Test, Trace and Protect dataset (CTTP) details the COVID-19 Test, Trace and Protect programme implemented across various parts of the UK. 

This dataset is no longer updated as of 31/05/2024.",2000-01,,https://healthdatagateway.org/en/dataset/336,CTTP,0,,0,
COVID-19 Lab Tests,COVID-19 Shielded People List (CVSP),COVID-19 Shielded People List (CVSP),COVID-19 Shielded People List,COVID-19 Shielded People List,COVID-19 Shielded People List,Wales,Dataset available ,"The COVID-19 Shielded People list (CVSP) is a list of high-risk people advised to self-isolate during COVID-19 pandemic. The Chief Medical Officer (CMO) for England, working with the CMOs of the devolved nations and other senior clinicians, commissioned NHS Digital to produce a list of people at “high risk” of complications from COVID-19, who should be shielded for at least 12 weeks. The CMO for Wales commissioned a collaboration of national bodies in Wales (NWIS, DU, NWSSP, PHW) to identify “high risk” people for the Welsh population, based largely on the NHS Digital methodology.",2000-01,,https://healthdatagateway.org/en/dataset/334,CVSP,0,,0,
COVID-19 Lab Tests,Variant strain data (COG-UK),Variant strain data (COG-UK),wales11,wales11,cog_2020-04-24_metadata,Wales,Dataset requested,"The COVID-19 Genomics UK (COG-UK) consortium has published a dataset which contains over 20K SARS-CoV-2 viral genome sequences available as open access. COG-UK works with the UK Public Health Agencies, Health Data Research UK and other partners to ensure COG-UK SARS-CoV-2 sequencing data is available in a number of trusted research environments to enable accredited researchers to link to externally held datasets",2000-01,,https://healthdatagateway.org/en/dataset/49,COG-UK (Wales),0,,0,
COVID-19 Vaccinations,COVID-19 Vaccination Dataset (CVVD),COVID-19 Vaccination Dataset (CVVD),COVID-19 Vaccination Data (RRDA),COVID-19 Vaccination Data (RRDA),too many7,Wales,Dataset available ,"The COVID-19 Vaccination Dataset (CVVD) covers all patients and vaccinations administered or planned for COVID-19, in or funded by the NHS. The dataset is de-identified record-level data of people who have received a vaccination for COVID-19, including details of the type of vaccine and date of vaccination.",2000-01,,https://healthdatagateway.org/en/dataset/309,CVVD,0,,0,
Deaths,Annual District Death Extract (ADDE),Annual District Death Extract (ADDE),Annual District Death Extract,Annual District Death Extract,Annual District Death Extract,Wales,Dataset available ,"The Annual District Death Extract (ADDE) is a register of all deaths relating to Welsh residents, including those that died outside of Wales.",2000-01,,https://healthdatagateway.org/en/dataset/316,ADDE,0,,0,
Deaths,COVID-19 Consolidated Deaths (CDDS),COVID-19 Consolidated Deaths (CDDS),Consolidated Death Data Source,Consolidated Death Data Source,Consolidated Death Data Source,Wales,Dataset available ,"The COVID-19 Consolidated Deaths Dataset (CDDS) is similar to the usual Annual District Deaths Dataset, except this dataset contains additional information with relevance to deaths where COVID-19 is attributable.",2000-01,,https://healthdatagateway.org/en/dataset/332,CDDS,0,,0,
ITU,Intensive Care National Audit and Research Centre (ICNC),Intensive Care National Audit and Research Centre (ICNC),Intensive Care National Audit & Research Centre,Intensive Care National Audit & Research Centre,Intensive Care National Audit a,Wales,Dataset available ,"The Intensive Care National Audit and Research Centre (ICNC) is a dataset of intensive care case mix and activity. It includes information preceding admission to intensive care e.g. date of hospital admission, and information about min and max values of critical indicator (e.g. lowest heart rate, highest serum glucose). 

This dataset is no longer updated. ",,,https://healthdatagateway.org/en/dataset/343,ICNC,0,,0,
ITU,Intensive Care National Audit & Research Centre (Covid-19 Admissions Only),Intensive Care National Audit & Research Centre (Covid-19 Admissions Only),Intensive Care National Audit & Research Centre (Covid-19 Admissions Only),Intensive Care National Audit & Research Centre (Covid-19 Admissions Only),ICNARC_LINKAGE,Wales,Dataset available ,"The Intensive Care National Audit and Research Centre is a dataset of intensive care case mix and activity; this is the weekly COVID-19 only version of the dataset (ICCD). It includes information preceding admission to intensive care e.g. date of hospital admission, and information about min and max values of critical indicator (e.g. lowest heart rate, highest serum glucose).

This dataset is no longer updated.",2000-01,,https://healthdatagateway.org/en/dataset/343,ICCD,0,,0,
Prescribing/Dispensing,Wales Dispensing Dataset (WDDS),Wales Dispensing Dataset (WDDS),Wales Dispensing DataSet,Wales Dispensing DataSet,DISPENSING_WDDS,Wales,Dataset available ,"The Welsh Dispensing Dataset (WDDS) covers prescriptions that are prescribed in Wales by GPs and non-medical prescribers that have prescribed on behalf of the GP practice, that are then dispensed in the community within Wales. The data includes all prescribed medicines, dressings and appliances that are dispensed each month. If a patient does not take a prescription to the pharmacy for dispensing, then the information will not be included in the dataset. Information includes - the number of prescription items dispensed by each community pharmacy in Wales, broken down by the GP practice in which they prescribed, and also the number of prescription items prescribed in each GP practice in Wales broken down by the pharmacy that dispensed those items.

This dataset is no longer updated. ",2000-01,,https://healthdatagateway.org/en/dataset/285,WDDS,0,,0,
NICOR CVD Audits,NICOR Audits and Registers (pending approvals),NICOR Audits and Registers (pending approvals),wales17,wales17,noclearmatch6,Wales,Dataset requested,,2000-01,,,NICOR,0,,0,
Stroke Audit,HQIP Stroke Audit (pending approvals),HQIP Stroke Audit (pending approvals),wales18,wales18,noclearmatch7,Wales,Dataset requested,"This continuously ascertained, record-level dataset audit collects information on stroke patients in England, Wales and Northern Ireland in acute hospital, and follows recovery, rehabilitation, and outcomes at the point of 6 month assessment.",2000-01,,https://web.www.healthdatagateway.org/dataset/059a6495-a7d5-435b-8e2b-806c6ccccf2e,HQIP,0,,0,
National Vascular Registry,NVR (pending approvals),NVR (pending approvals),wales19,wales19,noclearmatch8,Wales,Dataset requested,,2000-01,,,NVR (Wales),0,,0,
Other,Annual District Birth Extract (ADBE),Annual District Birth Extract (ADBE),Annual District Birth Extract,Annual District Birth Extract,Annual District Birth Extract,Wales,Dataset available ,"The Annual District Birth Extract (ADBE) comprises all live and stillbirths registered in Wales between 1996 and 2018, as provided by the Office for National Statistics. They include information about place of birth, birth weight and place of birth of parents",1996-01,,https://healthdatagateway.org/en/dataset/321,ABDE,0,,0,
Other,Care Home Dataset (CARE),Care Home Dataset (CARE),wales21,wales21,too many12,Wales,Dataset requested,The Care Home Dataset (CARE) contains residential and geographical information data about care homes in Wales.,2000-01,,https://healthdatagateway.org/en/dataset/327,CARE,0,,0,
Other,Maternity Indicators Dataset (MIDS) - Birth,Maternity Indicators Dataset (MIDS) - Birth,Maternity Indicators Dataset (Birth),Maternity Indicators Dataset (Birth),Maternity Indicators Dataset (B,Wales,Dataset available ,The Maternity Indicators Dataset (MIDS) captures data relating to the woman at initial assessment and to mother and baby (or babies) for all births. This relates to initial assessment and birth activity undertaken in Wales only.,2000-00,,https://healthdatagateway.org/en/dataset/353,MIDSB,0,,0,
Other,Maternity Indicators Dataset (MIDS) - Initial Assessment,Maternity Indicators Dataset (MIDS) - Initial Assessment,Maternity Indicators Dataset (Initial Assessment),Maternity Indicators Dataset (Initial Assessment),Maternity Indicators Dataset (I,Wales,Dataset available ,The Maternity Indicators Dataset (MIDS) captures data relating to the woman at initial assessment and to mother and baby (or babies) for all births. This relates to initial assessment and birth activity undertaken in Wales only.,2000-01,,https://healthdatagateway.org/en/dataset/353,MIDS,0,,0,
Other,Congenital Anomaly Register (CARS),Congenital Anomaly Register (CARS),wales23,wales23,too many11,Wales,Dataset requested,The Congenital Anomaly Register and Information Service (CARS) contains information about any foetus or baby who has or is suspected of having a congenital anomaly and whose mother is normally resident in Wales at time of birth. It includes babies in whom anomalies are diagnosed at any time from conception to the end of the first year of life. Data collection commenced on 1st January 1998 and includes any baby where pregnancy ended after this date.,2000-01,,https://healthdatagateway.org/en/dataset/319,CARS,0,,0,
Other,National Community Child Health (NCCHD),National Community Child Health (NCCHD),wales24,wales24,too many5,Wales,Dataset requested,"The National Community Child Health Database (NCCHD) includes birth registration and monitoring of child health examinations and immunisations. The dataset brings together data from local Child Health System databases which are held by NHS Trusts and used by them to administer child immunisation and health surveillance programmes. The dataset contains all children born, resident or treated in Wales and born after 1987.",2000-01,,https://healthdatagateway.org/en/dataset/360,NCCHD,0,,0,
Other,ONS 2011 Census Wales (CENW),ONS 2011 Census Wales (CENW),wales25,wales25,too many3,Wales,Dataset requested,A census in the UK is a count of all people and households. This census was held on 27 March 2011. All 2011 Census data for ‘Welsh’ records are defined as those: Currently resident in Wales; With a second address in Wales; With a previous years address in Wales; With a term-time address in Wales; Who work in Wales (but live in England); In Armed Forces Establishments in Wales; Who are visitors in Wales; Who are Welsh language speakers (including those who live and work outside of Wales).,2000-01,,https://healthdatagateway.org/en/dataset/335,CENW,0,,0,
Other,Referral to Treatment Times (RTTD),Referral to Treatment Times (RTTD),wales26,wales26,RTTD,Wales,Dataset requested,The Referral to Treatment Times dataset (RTTD) contains information on the total time waited from referral by a GP or other medical practitioner to hospital treatment in the NHS.,2000-01,,https://healthdatagateway.org/en/dataset/349,RTTD,0,,0,
Other,SAIL Dementia e-Cohort (SDEC),SAIL Dementia e-Cohort (SDEC),C19_COHORT_SDEC,C19_COHORT_SDEC,too many1,Wales,Dataset requested,"The SAIL Dementia e-Cohort (SDEC) dataset is a population-based electronic cohort containing health-related information on people with and without diagnosed dementia. By applying coding algorithms to linked routinely-collected datasets, a novel Dementia Platform UK (DPUK) cohort was developed to maximise generalisability and utility for a broad range of research questions and methodologies. It aims to minimise duplication of effort, increase reproducibility, reduce costs, and allow a broader range of researchers to apply to use SAIL data.",1950-01,,https://healthdatagateway.org/en/dataset/289,SDEC,0,,0,
Other,Welsh Ambulance Service Dataset (WASD),Welsh Ambulance Service Dataset (WASD),wales28,wales28,too many3,Wales,Dataset requested,"The Welsh Ambulance Services NHS Trust data covers data pertaining to more than 250,000 emergency calls a year, over 50,000 urgent calls and transport over 1.3 million non-emergency patients to over 200 treatment centres throughout England and Wales. The ambulance services statistics show monthly data for Wales on the number of calls and the time taken to respond to an incident.",2000-01,,https://healthdatagateway.org/en/dataset/310,WASD,0,,0,
Other,Welsh Results Reporting Service (WRRS),Welsh Results Reporting Service (WRRS),wales29,wales29,too many4,Wales,Dataset requested,"The Welsh Results Reporting Service (WRRS) allows health care professionals across Wales to access laboratory results for pathology requests and any other associated results across all health boards in Wales, wherever they had their test taken.",2000-01,,https://healthdatagateway.org/en/dataset/292,WRRS,0,,0,
Other,Welsh Demographic Service Dataset (WDSD),Welsh Demographic Service Dataset (WDSD),wales30,wales30,too many2,Wales,Dataset requested,"The Welsh Demographic Service Dataset (WDSD) is a register of all individuals registered with a Welsh GP, includes individuals anonymised address and practice history.",2000-01,,https://healthdatagateway.org/en/dataset/359,WDSD,0,,0,
